{"cameraMode":{"drawMode":0,"name":"Shaded","section":"Shading Mode"},"sceneLighting":false,"audioPlay":false,"sceneViewState":{"showFog":true,"showMaterialUpdate":false,"showSkybox":true,"showFlares":true,"showImageEffects":true,"showParticleSystems":true},"in2DMode":false,"pivot":{"x":2.6645491123199465,"y":5.215441703796387,"z":2.6726644039154054},"rotation":{"x":0.15954269468784333,"y":-0.6282313466072083,"z":-0.13369961082935334,"w":-0.7496639490127564},"size":5.964835166931152,"orthographic":false}