{"cameraMode":{"drawMode":0,"name":"Shaded","section":"Shading Mode"},"sceneLighting":false,"audioPlay":false,"sceneViewState":{"showFog":true,"showMaterialUpdate":false,"showSkybox":true,"showFlares":true,"showImageEffects":true,"showParticleSystems":true},"in2DMode":false,"pivot":{"x":3.1569437980651857,"y":1.8613638877868653,"z":7.2503981590271},"rotation":{"x":-0.019507190212607385,"y":0.011095043271780014,"z":-0.00021641471539624035,"w":-0.999748170375824},"size":14.357736587524414,"orthographic":false}